entity_id	name	address	city	state	postal_code	country
S3-00001	Acme Corporation	123 Main St	New York	NY	10001	USA
S3-00002	Beta Industries	456 Oak Ave	Los Angeles	CA	90001	USA
S3-00003	Gamma LLC	789 Pine Rd	Chicago	IL	60601	USA
S3-00004	Delta Enterprises	321 Elm St	Houston	TX	77001	USA
S3-00005	Epsilon Inc	654 Maple Dr	Phoenix	AZ	85001	USA
S3-00006	Zeta Co	987 Cedar Ln	Philadelphia	PA	19101	USA
S3-00007	Eta Limited	147 Birch Blvd	San Antonio	TX	78201	USA
S3-00008	Theta Corporation	258 Spruce St	San Diego	CA	92101	USA
S3-00009	Iota Inc	369 Fir Ave	Dallas	TX	75201	USA
S3-00010	Kappa Industries	741 Ash Rd	San Jose	CA	95101	USA
S3-00011	Lambda LLC	852 Willow Way	Austin	TX	73301	USA
S3-00012	Mu Enterprises	963 Poplar Pl	Jacksonville	FL	32201	USA
S3-00013	Nu Inc	159 Redwood Rd	Fort Worth	TX	76101	USA
S3-00014	Xi Co	357 Sycamore St	Columbus	OH	43201	USA
S3-00015	Omicron Limited	486 Magnolia Ave	Charlotte	NC	28201	USA
S3-00016	Pi Corporation	579 Dogwood Dr	San Francisco	CA	94101	USA
S3-00017	Rho Industries	692 Chestnut Ln	Indianapolis	IN	46201	USA
S3-00018	Sigma LLC	819 Walnut Rd	Seattle	WA	98101	USA
S3-00019	Tau Enterprises	924 Hickory Blvd	Denver	CO	80201	USA
S3-00020	Upsilon Inc	135 Pecan St	Washington	DC	20001	USA
S3-00021	Phi Co	246 Hazel Ave	Boston	MA	02101	USA
S3-00022	Chi Limited	357 Laurel Rd	El Paso	TX	79901	USA
S3-00023	Psi Corporation	468 Spruce St	Detroit	MI	48201	USA
S3-00024	Omega Industries	579 Pine Ave	Nashville	TN	37201	USA
S3-00025	Alpha Beta Gamma	111 First St	Miami	FL	33101	USA
S3-00026	Acme Corp	123 Main Street	New York	NY	10001	USA
S3-00027	Beta Ind	456 Oak Avenue	Los Angeles	CA	90001	USA
S3-00028	Gamma Limited	789 Pine Road	Chicago	IL	60601	USA
S3-00029	Delta Ent	321 Elm Street	Houston	TX	77001	USA
S3-00030	Epsilon Incorporated	654 Maple Drive	Phoenix	AZ	85001	USA
S3-00031	Acme Corp Ltd	123 Main St	New York	NY	10001	USA
S3-00032	Beta Industrial	456 Oak Ave	Los Angeles	CA	90001	USA
S3-00033	Gamma Company	789 Pine Rd	Chicago	IL	60601	USA
S3-00034	Delta Enterprise	321 Elm St	Houston	TX	77001	USA
S3-00035	Epsilon Corp	654 Maple Dr	Phoenix	AZ	85001	USA
S3-00036	Zeta Inc	987 Cedar Ln	Philadelphia	PA	19101	USA
S3-00037	Eta Corporation	147 Birch Blvd	San Antonio	TX	78201	USA
S3-00038	Theta Inc	258 Spruce St	San Diego	CA	92101	USA
S3-00039	Iota LLC	369 Fir Ave	Dallas	TX	75201	USA
S3-00040	Kappa LLC	741 Ash Rd	San Jose	CA	95101	USA
S3-00041	Lambda Corp	852 Willow Way	Austin	TX	73301	USA
S3-00042	Mu Inc	963 Poplar Pl	Jacksonville	FL	32201	USA
S3-00043	Nu LLC	159 Redwood Rd	Fort Worth	TX	76101	USA
S3-00044	Xi Corp	357 Sycamore St	Columbus	OH	43201	USA
S3-00045	Omicron LLC	486 Magnolia Ave	Charlotte	NC	28201	USA
S3-00046	Pi Inc	579 Dogwood Dr	San Francisco	CA	94101	USA
S3-00047	Rho LLC	692 Chestnut Ln	Indianapolis	IN	46201	USA
S3-00048	Sigma Corp	819 Walnut Rd	Seattle	WA	98101	USA
S3-00049	Tau Inc	924 Hickory Blvd	Denver	CO	80201	USA
S3-00050	Upsilon LLC	135 Pecan St	Washington	DC	20001	USA
S3-00051	Acme Paris	123 Rue Main	Paris	75001	France
S3-00052	Beta Lyon	456 Ave Oak	Lyon	69001	France
S3-00053	Gamma Marseille	789 Rd Pine	Marseille	13001	France
S3-00054	Delta Toulouse	321 St Elm	Toulouse	31000	France
S3-00055	Epsilon Nice	654 Dr Maple	Nice	06000	France
