source1_entity_id	candidate_entity_ids
S1-10001	S2-10001,S2-10002,S2-10003,S2-10004,S2-10005,S2-10006,S2-10007,S2-10008,S2-10009,S2-10010,S2-10011,S2-10012,S2-10013,S2-10014,S2-10015,S2-10016,S2-10017,S2-10018,S2-10019,S2-10020,S2-10021,S2-10022,S2-10023,S2-10024,S2-10025,S2-10026,S2-10027,S2-10028,S2-10029,S2-10030,S2-10031,S2-10032,S2-10033,S2-10034,S2-10035,S2-10036,S2-10037,S2-10038,S2-10039,S2-10040,S2-10041,S2-10042,S2-10043,S2-10044,S2-10045,S2-10046,S2-10047,S2-10048,S2-10049,S2-10050,S3-10001,S3-10002,S3-10003,S3-10004,S3-10005,S3-10006,S3-10007,S3-10008,S3-10009,S3-10010,S3-10011,S3-10012,S3-10013,S3-10014,S3-10015,S3-10016,S3-10017,S3-10018,S3-10019,S3-10020,S3-10021,S3-10022,S3-10023,S3-10024,S3-10025,S3-10026,S3-10027,S3-10028,S3-10029,S3-10030,S3-10031,S3-10032,S3-10033,S3-10034,S3-10035,S3-10036,S3-10037,S3-10038,S3-10039,S3-10040,S3-10041,S3-10042,S3-10043,S3-10044,S3-10045,S3-10046,S3-10047,S3-10048,S3-10049,S3-10050
S1-10002	S2-10001,S2-10002,S2-10003,S2-10004,S2-10005,S2-10006,S2-10007,S2-10008,S2-10009,S2-10010,S2-10011,S2-10012,S2-10013,S2-10014,S2-10015,S2-10016,S2-10017,S2-10018,S2-10019,S2-10020,S2-10021,S2-10022,S2-10023,S2-10024,S2-10025,S2-10026,S2-10027,S2-10028,S2-10029,S2-10030,S2-10031,S2-10032,S2-10033,S2-10034,S2-10035,S2-10036,S2-10037,S2-10038,S2-10039,S2-10040,S2-10041,S2-10042,S2-10043,S2-10044,S2-10045,S2-10046,S2-10047,S2-10048,S2-10049,S2-10050,S3-10001,S3-10002,S3-10003,S3-10004,S3-10005,S3-10006,S3-10007,S3-10008,S3-10009,S3-10010,S3-10011,S3-10012,S3-10013,S3-10014,S3-10015,S3-10016,S3-10017,S3-10018,S3-10019,S3-10020,S3-10021,S3-10022,S3-10023,S3-10024,S3-10025,S3-10026,S3-10027,S3-10028,S3-10029,S3-10030,S3-10031,S3-10032,S3-10033,S3-10034,S3-10035,S3-10036,S3-10037,S3-10038,S3-10039,S3-10040,S3-10041,S3-10042,S3-10043,S3-10044,S3-10045,S3-10046,S3-10047,S3-10048,S3-10049,S3-10050
S1-10003	S2-10001,S2-10002,S2-10003,S2-10004,S2-10005,S2-10006,S2-10007,S2-10008,S2-10009,S2-10010,S2-10011,S2-10012,S2-10013,S2-10014,S2-10015,S2-10016,S2-10017,S2-10018,S2-10019,S2-10020,S2-10021,S2-10022,S2-10023,S2-10024,S2-10025,S2-10026,S2-10027,S2-10028,S2-10029,S2-10030,S2-10031,S2-10032,S2-10033,S2-10034,S2-10035,S2-10036,S2-10037,S2-10038,S2-10039,S2-10040,S2-10041,S2-10042,S2-10043,S2-10044,S2-10045,S2-10046,S2-10047,S2-10048,S2-10049,S2-10050,S3-10001,S3-10002,S3-10003,S3-10004,S3-10005,S3-10006,S3-10007,S3-10008,S3-10009,S3-10010,S3-10011,S3-10012,S3-10013,S3-10014,S3-10015,S3-10016,S3-10017,S3-10018,S3-10019,S3-10020,S3-10021,S3-10022,S3-10023,S3-10024,S3-10025,S3-10026,S3-10027,S3-10028,S3-10029,S3-10030,S3-10031,S3-10032,S3-10033,S3-10034,S3-10035,S3-10036,S3-10037,S3-10038,S3-10039,S3-10040,S3-10041,S3-10042,S3-10043,S3-10044,S3-10045,S3-10046,S3-10047,S3-10048,S3-10049,S3-10050
S1-10004	S2-10001,S2-10002,S2-10003,S2-10004,S2-10005,S2-10006,S2-10007,S2-10008,S2-10009,S2-10010,S2-10011,S2-10012,S2-10013,S2-10014,S2-10015,S2-10016,S2-10017,S2-10018,S2-10019,S2-10020,S2-10021,S2-10022,S2-10023,S2-10024,S2-10025,S2-10026,S2-10027,S2-10028,S2-10029,S2-10030,S2-10031,S2-10032,S2-10033,S2-10034,S2-10035,S2-10036,S2-10037,S2-10038,S2-10039,S2-10040,S2-10041,S2-10042,S2-10043,S2-10044,S2-10045,S2-10046,S2-10047,S2-10048,S2-10049,S2-10050,S3-10001,S3-10002,S3-10003,S3-10004,S3-10005,S3-10006,S3-10007,S3-10008,S3-10009,S3-10010,S3-10011,S3-10012,S3-10013,S3-10014,S3-10015,S3-10016,S3-10017,S3-10018,S3-10019,S3-10020,S3-10021,S3-10022,S3-10023,S3-10024,S3-10025,S3-10026,S3-10027,S3-10028,S3-10029,S3-10030,S3-10031,S3-10032,S3-10033,S3-10034,S3-10035,S3-10036,S3-10037,S3-10038,S3-10039,S3-10040,S3-10041,S3-10042,S3-10043,S3-10044,S3-10045,S3-10046,S3-10047,S3-10048,S3-10049,S3-10050
S1-10005	S2-10001,S2-10002,S2-10003,S2-10004,S2-10005,S2-10006,S2-10007,S2-10008,S2-10009,S2-10010,S2-10011,S2-10012,S2-10013,S2-10014,S2-10015,S2-10016,S2-10017,S2-10018,S2-10019,S2-10020,S2-10021,S2-10022,S2-10023,S2-10024,S2-10025,S2-10026,S2-10027,S2-10028,S2-10029,S2-10030,S2-10031,S2-10032,S2-10033,S2-10034,S2-10035,S2-10036,S2-10037,S2-10038,S2-10039,S2-10040,S2-10041,S2-10042,S2-10043,S2-10044,S2-10045,S2-10046,S2-10047,S2-10048,S2-10049,S2-10050,S3-10001,S3-10002,S3-10003,S3-10004,S3-10005,S3-10006,S3-10007,S3-10008,S3-10009,S3-10010,S3-10011,S3-10012,S3-10013,S3-10014,S3-10015,S3-10016,S3-10017,S3-10018,S3-10019,S3-10020,S3-10021,S3-10022,S3-10023,S3-10024,S3-10025,S3-10026,S3-10027,S3-10028,S3-10029,S3-10030,S3-10031,S3-10032,S3-10033,S3-10034,S3-10035,S3-10036,S3-10037,S3-10038,S3-10039,S3-10040,S3-10041,S3-10042,S3-10043,S3-10044,S3-10045,S3-10046,S3-10047,S3-10048,S3-10049,S3-10050
S1-10006	S2-10001,S2-10002,S2-10003,S2-10004,S2-10005,S2-10006,S2-10007,S2-10008,S2-10009,S2-10010,S2-10011,S2-10012,S2-10013,S2-10014,S2-10015,S2-10016,S2-10017,S2-10018,S2-10019,S2-10020,S2-10021,S2-10022,S2-10023,S2-10024,S2-10025,S2-10026,S2-10027,S2-10028,S2-10029,S2-10030,S2-10031,S2-10032,S2-10033,S2-10034,S2-10035,S2-10036,S2-10037,S2-10038,S2-10039,S2-10040,S2-10041,S2-10042,S2-10043,S2-10044,S2-10045,S2-10046,S2-10047,S2-10048,S2-10049,S2-10050,S3-10001,S3-10002,S3-10003,S3-10004,S3-10005,S3-10006,S3-10007,S3-10008,S3-10009,S3-10010,S3-10011,S3-10012,S3-10013,S3-10014,S3-10015,S3-10016,S3-10017,S3-10018,S3-10019,S3-10020,S3-10021,S3-10022,S3-10023,S3-10024,S3-10025,S3-10026,S3-10027,S3-10028,S3-10029,S3-10030,S3-10031,S3-10032,S3-10033,S3-10034,S3-10035,S3-10036,S3-10037,S3-10038,S3-10039,S3-10040,S3-10041,S3-10042,S3-10043,S3-10044,S3-10045,S3-10046,S3-10047,S3-10048,S3-10049,S3-10050
S1-10007	S2-10001,S2-10002,S2-10003,S2-10004,S2-10005,S2-10006,S2-10007,S2-10008,S2-10009,S2-10010,S2-10011,S2-10012,S2-10013,S2-10014,S2-10015,S2-10016,S2-10017,S2-10018,S2-10019,S2-10020,S2-10021,S2-10022,S2-10023,S2-10024,S2-10025,S2-10026,S2-10027,S2-10028,S2-10029,S2-10030,S2-10031,S2-10032,S2-10033,S2-10034,S2-10035,S2-10036,S2-10037,S2-10038,S2-10039,S2-10040,S2-10041,S2-10042,S2-10043,S2-10044,S2-10045,S2-10046,S2-10047,S2-10048,S2-10049,S2-10050,S3-10001,S3-10002,S3-10003,S3-10004,S3-10005,S3-10006,S3-10007,S3-10008,S3-10009,S3-10010,S3-10011,S3-10012,S3-10013,S3-10014,S3-10015,S3-10016,S3-10017,S3-10018,S3-10019,S3-10020,S3-10021,S3-10022,S3-10023,S3-10024,S3-10025,S3-10026,S3-10027,S3-10028,S3-10029,S3-10030,S3-10031,S3-10032,S3-10033,S3-10034,S3-10035,S3-10036,S3-10037,S3-10038,S3-10039,S3-10040,S3-10041,S3-10042,S3-10043,S3-10044,S3-10045,S3-10046,S3-10047,S3-10048,S3-10049,S3-10050
S1-10008	S2-10001,S2-10002,S2-10003,S2-10004,S2-10005,S2-10006,S2-10007,S2-10008,S2-10009,S2-10010,S2-10011,S2-10012,S2-10013,S2-10014,S2-10015,S2-10016,S2-10017,S2-10018,S2-10019,S2-10020,S2-10021,S2-10022,S2-10023,S2-10024,S2-10025,S2-10026,S2-10027,S2-10028,S2-10029,S2-10030,S2-10031,S2-10032,S2-10033,S2-10034,S2-10035,S2-10036,S2-10037,S2-10038,S2-10039,S2-10040,S2-10041,S2-10042,S2-10043,S2-10044,S2-10045,S2-10046,S2-10047,S2-10048,S2-10049,S2-10050,S3-10001,S3-10002,S3-10003,S3-10004,S3-10005,S3-10006,S3-10007,S3-10008,S3-10009,S3-10010,S3-10011,S3-10012,S3-10013,S3-10014,S3-10015,S3-10016,S3-10017,S3-10018,S3-10019,S3-10020,S3-10021,S3-10022,S3-10023,S3-10024,S3-10025,S3-10026,S3-10027,S3-10028,S3-10029,S3-10030,S3-10031,S3-10032,S3-10033,S3-10034,S3-10035,S3-10036,S3-10037,S3-10038,S3-10039,S3-10040,S3-10041,S3-10042,S3-10043,S3-10044,S3-10045,S3-10046,S3-10047,S3-10048,S3-10049,S3-10050
S1-10009	S2-10001,S2-10002,S2-10003,S2-10004,S2-10005,S2-10006,S2-10007,S2-10008,S2-10009,S2-10010,S2-10011,S2-10012,S2-10013,S2-10014,S2-10015,S2-10016,S2-10017,S2-10018,S2-10019,S2-10020,S2-10021,S2-10022,S2-10023,S2-10024,S2-10025,S2-10026,S2-10027,S2-10028,S2-10029,S2-10030,S2-10031,S2-10032,S2-10033,S2-10034,S2-10035,S2-10036,S2-10037,S2-10038,S2-10039,S2-10040,S2-10041,S2-10042,S2-10043,S2-10044,S2-10045,S2-10046,S2-10047,S2-10048,S2-10049,S2-10050,S3-10001,S3-10002,S3-10003,S3-10004,S3-10005,S3-10006,S3-10007,S3-10008,S3-10009,S3-10010,S3-10011,S3-10012,S3-10013,S3-10014,S3-10015,S3-10016,S3-10017,S3-10018,S3-10019,S3-10020,S3-10021,S3-10022,S3-10023,S3-10024,S3-10025,S3-10026,S3-10027,S3-10028,S3-10029,S3-10030,S3-10031,S3-10032,S3-10033,S3-10034,S3-10035,S3-10036,S3-10037,S3-10038,S3-10039,S3-10040,S3-10041,S3-10042,S3-10043,S3-10044,S3-10045,S3-10046,S3-10047,S3-10048,S3-10049,S3-10050
S1-10010	S2-10001,S2-10002,S2-10003,S2-10004,S2-10005,S2-10006,S2-10007,S2-10008,S2-10009,S2-10010,S2-10011,S2-10012,S2-10013,S2-10014,S2-10015,S2-10016,S2-10017,S2-10018,S2-10019,S2-10020,S2-10021,S2-10022,S2-10023,S2-10024,S2-10025,S2-10026,S2-10027,S2-10028,S2-10029,S2-10030,S2-10031,S2-10032,S2-10033,S2-10034,S2-10035,S2-10036,S2-10037,S2-10038,S2-10039,S2-10040,S2-10041,S2-10042,S2-10043,S2-10044,S2-10045,S2-10046,S2-10047,S2-10048,S2-10049,S2-10050,S3-10001,S3-10002,S3-10003,S3-10004,S3-10005,S3-10006,S3-10007,S3-10008,S3-10009,S3-10010,S3-10011,S3-10012,S3-10013,S3-10014,S3-10015,S3-10016,S3-10017,S3-10018,S3-10019,S3-10020,S3-10021,S3-10022,S3-10023,S3-10024,S3-10025,S3-10026,S3-10027,S3-10028,S3-10029,S3-10030,S3-10031,S3-10032,S3-10033,S3-10034,S3-10035,S3-10036,S3-10037,S3-10038,S3-10039,S3-10040,S3-10041,S3-10042,S3-10043,S3-10044,S3-10045,S3-10046,S3-10047,S3-10048,S3-10049,S3-10050
S1-10011	S2-10001,S2-10002,S2-10003,S2-10004,S2-10005,S2-10006,S2-10007,S2-10008,S2-10009,S2-10010,S2-10011,S2-10012,S2-10013,S2-10014,S2-10015,S2-10016,S2-10017,S2-10018,S2-10019,S2-10020,S2-10021,S2-10022,S2-10023,S2-10024,S2-10025,S2-10026,S2-10027,S2-10028,S2-10029,S2-10030,S2-10031,S2-10032,S2-10033,S2-10034,S2-10035,S2-10036,S2-10037,S2-10038,S2-10039,S2-10040,S2-10041,S2-10042,S2-10043,S2-10044,S2-10045,S2-10046,S2-10047,S2-10048,S2-10049,S2-10050,S3-10001,S3-10002,S3-10003,S3-10004,S3-10005,S3-10006,S3-10007,S3-10008,S3-10009,S3-10010,S3-10011,S3-10012,S3-10013,S3-10014,S3-10015,S3-10016,S3-10017,S3-10018,S3-10019,S3-10020,S3-10021,S3-10022,S3-10023,S3-10024,S3-10025,S3-10026,S3-10027,S3-10028,S3-10029,S3-10030,S3-10031,S3-10032,S3-10033,S3-10034,S3-10035,S3-10036,S3-10037,S3-10038,S3-10039,S3-10040,S3-10041,S3-10042,S3-10043,S3-10044,S3-10045,S3-10046,S3-10047,S3-10048,S3-10049,S3-10050
S1-10012	S2-10001,S2-10002,S2-10003,S2-10004,S2-10005,S2-10006,S2-10007,S2-10008,S2-10009,S2-10010,S2-10011,S2-10012,S2-10013,S2-10014,S2-10015,S2-10016,S2-10017,S2-10018,S2-10019,S2-10020,S2-10021,S2-10022,S2-10023,S2-10024,S2-10025,S2-10026,S2-10027,S2-10028,S2-10029,S2-10030,S2-10031,S2-10032,S2-10033,S2-10034,S2-10035,S2-10036,S2-10037,S2-10038,S2-10039,S2-10040,S2-10041,S2-10042,S2-10043,S2-10044,S2-10045,S2-10046,S2-10047,S2-10048,S2-10049,S2-10050,S3-10001,S3-10002,S3-10003,S3-10004,S3-10005,S3-10006,S3-10007,S3-10008,S3-10009,S3-10010,S3-10011,S3-10012,S3-10013,S3-10014,S3-10015,S3-10016,S3-10017,S3-10018,S3-10019,S3-10020,S3-10021,S3-10022,S3-10023,S3-10024,S3-10025,S3-10026,S3-10027,S3-10028,S3-10029,S3-10030,S3-10031,S3-10032,S3-10033,S3-10034,S3-10035,S3-10036,S3-10037,S3-10038,S3-10039,S3-10040,S3-10041,S3-10042,S3-10043,S3-10044,S3-10045,S3-10046,S3-10047,S3-10048,S3-10049,S3-10050
S1-10013	S2-10001,S2-10002,S2-10003,S2-10004,S2-10005,S2-10006,S2-10007,S2-10008,S2-10009,S2-10010,S2-10011,S2-10012,S2-10013,S2-10014,S2-10015,S2-10016,S2-10017,S2-10018,S2-10019,S2-10020,S2-10021,S2-10022,S2-10023,S2-10024,S2-10025,S2-10026,S2-10027,S2-10028,S2-10029,S2-10030,S2-10031,S2-10032,S2-10033,S2-10034,S2-10035,S2-10036,S2-10037,S2-10038,S2-10039,S2-10040,S2-10041,S2-10042,S2-10043,S2-10044,S2-10045,S2-10046,S2-10047,S2-10048,S2-10049,S2-10050,S3-10001,S3-10002,S3-10003,S3-10004,S3-10005,S3-10006,S3-10007,S3-10008,S3-10009,S3-10010,S3-10011,S3-10012,S3-10013,S3-10014,S3-10015,S3-10016,S3-10017,S3-10018,S3-10019,S3-10020,S3-10021,S3-10022,S3-10023,S3-10024,S3-10025,S3-10026,S3-10027,S3-10028,S3-10029,S3-10030,S3-10031,S3-10032,S3-10033,S3-10034,S3-10035,S3-10036,S3-10037,S3-10038,S3-10039,S3-10040,S3-10041,S3-10042,S3-10043,S3-10044,S3-10045,S3-10046,S3-10047,S3-10048,S3-10049,S3-10050
S1-10014	S2-10001,S2-10002,S2-10003,S2-10004,S2-10005,S2-10006,S2-10007,S2-10008,S2-10009,S2-10010,S2-10011,S2-10012,S2-10013,S2-10014,S2-10015,S2-10016,S2-10017,S2-10018,S2-10019,S2-10020,S2-10021,S2-10022,S2-10023,S2-10024,S2-10025,S2-10026,S2-10027,S2-10028,S2-10029,S2-10030,S2-10031,S2-10032,S2-10033,S2-10034,S2-10035,S2-10036,S2-10037,S2-10038,S2-10039,S2-10040,S2-10041,S2-10042,S2-10043,S2-10044,S2-10045,S2-10046,S2-10047,S2-10048,S2-10049,S2-10050,S3-10001,S3-10002,S3-10003,S3-10004,S3-10005,S3-10006,S3-10007,S3-10008,S3-10009,S3-10010,S3-10011,S3-10012,S3-10013,S3-10014,S3-10015,S3-10016,S3-10017,S3-10018,S3-10019,S3-10020,S3-10021,S3-10022,S3-10023,S3-10024,S3-10025,S3-10026,S3-10027,S3-10028,S3-10029,S3-10030,S3-10031,S3-10032,S3-10033,S3-10034,S3-10035,S3-10036,S3-10037,S3-10038,S3-10039,S3-10040,S3-10041,S3-10042,S3-10043,S3-10044,S3-10045,S3-10046,S3-10047,S3-10048,S3-10049,S3-10050
S1-10015	S2-10001,S2-10002,S2-10003,S2-10004,S2-10005,S2-10006,S2-10007,S2-10008,S2-10009,S2-10010,S2-10011,S2-10012,S2-10013,S2-10014,S2-10015,S2-10016,S2-10017,S2-10018,S2-10019,S2-10020,S2-10021,S2-10022,S2-10023,S2-10024,S2-10025,S2-10026,S2-10027,S2-10028,S2-10029,S2-10030,S2-10031,S2-10032,S2-10033,S2-10034,S2-10035,S2-10036,S2-10037,S2-10038,S2-10039,S2-10040,S2-10041,S2-10042,S2-10043,S2-10044,S2-10045,S2-10046,S2-10047,S2-10048,S2-10049,S2-10050,S3-10001,S3-10002,S3-10003,S3-10004,S3-10005,S3-10006,S3-10007,S3-10008,S3-10009,S3-10010,S3-10011,S3-10012,S3-10013,S3-10014,S3-10015,S3-10016,S3-10017,S3-10018,S3-10019,S3-10020,S3-10021,S3-10022,S3-10023,S3-10024,S3-10025,S3-10026,S3-10027,S3-10028,S3-10029,S3-10030,S3-10031,S3-10032,S3-10033,S3-10034,S3-10035,S3-10036,S3-10037,S3-10038,S3-10039,S3-10040,S3-10041,S3-10042,S3-10043,S3-10044,S3-10045,S3-10046,S3-10047,S3-10048,S3-10049,S3-10050
S1-10016	S2-10001,S2-10002,S2-10003,S2-10004,S2-10005,S2-10006,S2-10007,S2-10008,S2-10009,S2-10010,S2-10011,S2-10012,S2-10013,S2-10014,S2-10015,S2-10016,S2-10017,S2-10018,S2-10019,S2-10020,S2-10021,S2-10022,S2-10023,S2-10024,S2-10025,S2-10026,S2-10027,S2-10028,S2-10029,S2-10030,S2-10031,S2-10032,S2-10033,S2-10034,S2-10035,S2-10036,S2-10037,S2-10038,S2-10039,S2-10040,S2-10041,S2-10042,S2-10043,S2-10044,S2-10045,S2-10046,S2-10047,S2-10048,S2-10049,S2-10050,S3-10001,S3-10002,S3-10003,S3-10004,S3-10005,S3-10006,S3-10007,S3-10008,S3-10009,S3-10010,S3-10011,S3-10012,S3-10013,S3-10014,S3-10015,S3-10016,S3-10017,S3-10018,S3-10019,S3-10020,S3-10021,S3-10022,S3-10023,S3-10024,S3-10025,S3-10026,S3-10027,S3-10028,S3-10029,S3-10030,S3-10031,S3-10032,S3-10033,S3-10034,S3-10035,S3-10036,S3-10037,S3-10038,S3-10039,S3-10040,S3-10041,S3-10042,S3-10043,S3-10044,S3-10045,S3-10046,S3-10047,S3-10048,S3-10049,S3-10050
S1-10017	S2-10001,S2-10002,S2-10003,S2-10004,S2-10005,S2-10006,S2-10007,S2-10008,S2-10009,S2-10010,S2-10011,S2-10012,S2-10013,S2-10014,S2-10015,S2-10016,S2-10017,S2-10018,S2-10019,S2-10020,S2-10021,S2-10022,S2-10023,S2-10024,S2-10025,S2-10026,S2-10027,S2-10028,S2-10029,S2-10030,S2-10031,S2-10032,S2-10033,S2-10034,S2-10035,S2-10036,S2-10037,S2-10038,S2-10039,S2-10040,S2-10041,S2-10042,S2-10043,S2-10044,S2-10045,S2-10046,S2-10047,S2-10048,S2-10049,S2-10050,S3-10001,S3-10002,S3-10003,S3-10004,S3-10005,S3-10006,S3-10007,S3-10008,S3-10009,S3-10010,S3-10011,S3-10012,S3-10013,S3-10014,S3-10015,S3-10016,S3-10017,S3-10018,S3-10019,S3-10020,S3-10021,S3-10022,S3-10023,S3-10024,S3-10025,S3-10026,S3-10027,S3-10028,S3-10029,S3-10030,S3-10031,S3-10032,S3-10033,S3-10034,S3-10035,S3-10036,S3-10037,S3-10038,S3-10039,S3-10040,S3-10041,S3-10042,S3-10043,S3-10044,S3-10045,S3-10046,S3-10047,S3-10048,S3-10049,S3-10050
S1-10018	S2-10001,S2-10002,S2-10003,S2-10004,S2-10005,S2-10006,S2-10007,S2-10008,S2-10009,S2-10010,S2-10011,S2-10012,S2-10013,S2-10014,S2-10015,S2-10016,S2-10017,S2-10018,S2-10019,S2-10020,S2-10021,S2-10022,S2-10023,S2-10024,S2-10025,S2-10026,S2-10027,S2-10028,S2-10029,S2-10030,S2-10031,S2-10032,S2-10033,S2-10034,S2-10035,S2-10036,S2-10037,S2-10038,S2-10039,S2-10040,S2-10041,S2-10042,S2-10043,S2-10044,S2-10045,S2-10046,S2-10047,S2-10048,S2-10049,S2-10050,S3-10001,S3-10002,S3-10003,S3-10004,S3-10005,S3-10006,S3-10007,S3-10008,S3-10009,S3-10010,S3-10011,S3-10012,S3-10013,S3-10014,S3-10015,S3-10016,S3-10017,S3-10018,S3-10019,S3-10020,S3-10021,S3-10022,S3-10023,S3-10024,S3-10025,S3-10026,S3-10027,S3-10028,S3-10029,S3-10030,S3-10031,S3-10032,S3-10033,S3-10034,S3-10035,S3-10036,S3-10037,S3-10038,S3-10039,S3-10040,S3-10041,S3-10042,S3-10043,S3-10044,S3-10045,S3-10046,S3-10047,S3-10048,S3-10049,S3-10050
S1-10019	S2-10001,S2-10002,S2-10003,S2-10004,S2-10005,S2-10006,S2-10007,S2-10008,S2-10009,S2-10010,S2-10011,S2-10012,S2-10013,S2-10014,S2-10015,S2-10016,S2-10017,S2-10018,S2-10019,S2-10020,S2-10021,S2-10022,S2-10023,S2-10024,S2-10025,S2-10026,S2-10027,S2-10028,S2-10029,S2-10030,S2-10031,S2-10032,S2-10033,S2-10034,S2-10035,S2-10036,S2-10037,S2-10038,S2-10039,S2-10040,S2-10041,S2-10042,S2-10043,S2-10044,S2-10045,S2-10046,S2-10047,S2-10048,S2-10049,S2-10050,S3-10001,S3-10002,S3-10003,S3-10004,S3-10005,S3-10006,S3-10007,S3-10008,S3-10009,S3-10010,S3-10011,S3-10012,S3-10013,S3-10014,S3-10015,S3-10016,S3-10017,S3-10018,S3-10019,S3-10020,S3-10021,S3-10022,S3-10023,S3-10024,S3-10025,S3-10026,S3-10027,S3-10028,S3-10029,S3-10030,S3-10031,S3-10032,S3-10033,S3-10034,S3-10035,S3-10036,S3-10037,S3-10038,S3-10039,S3-10040,S3-10041,S3-10042,S3-10043,S3-10044,S3-10045,S3-10046,S3-10047,S3-10048,S3-10049,S3-10050
S1-10020	S2-10001,S2-10002,S2-10003,S2-10004,S2-10005,S2-10006,S2-10007,S2-10008,S2-10009,S2-10010,S2-10011,S2-10012,S2-10013,S2-10014,S2-10015,S2-10016,S2-10017,S2-10018,S2-10019,S2-10020,S2-10021,S2-10022,S2-10023,S2-10024,S2-10025,S2-10026,S2-10027,S2-10028,S2-10029,S2-10030,S2-10031,S2-10032,S2-10033,S2-10034,S2-10035,S2-10036,S2-10037,S2-10038,S2-10039,S2-10040,S2-10041,S2-10042,S2-10043,S2-10044,S2-10045,S2-10046,S2-10047,S2-10048,S2-10049,S2-10050,S3-10001,S3-10002,S3-10003,S3-10004,S3-10005,S3-10006,S3-10007,S3-10008,S3-10009,S3-10010,S3-10011,S3-10012,S3-10013,S3-10014,S3-10015,S3-10016,S3-10017,S3-10018,S3-10019,S3-10020,S3-10021,S3-10022,S3-10023,S3-10024,S3-10025,S3-10026,S3-10027,S3-10028,S3-10029,S3-10030,S3-10031,S3-10032,S3-10033,S3-10034,S3-10035,S3-10036,S3-10037,S3-10038,S3-10039,S3-10040,S3-10041,S3-10042,S3-10043,S3-10044,S3-10045,S3-10046,S3-10047,S3-10048,S3-10049,S3-10050
S1-10021	S2-10001,S2-10002,S2-10003,S2-10004,S2-10005,S2-10006,S2-10007,S2-10008,S2-10009,S2-10010,S2-10011,S2-10012,S2-10013,S2-10014,S2-10015,S2-10016,S2-10017,S2-10018,S2-10019,S2-10020,S2-10021,S2-10022,S2-10023,S2-10024,S2-10025,S2-10026,S2-10027,S2-10028,S2-10029,S2-10030,S2-10031,S2-10032,S2-10033,S2-10034,S2-10035,S2-10036,S2-10037,S2-10038,S2-10039,S2-10040,S2-10041,S2-10042,S2-10043,S2-10044,S2-10045,S2-10046,S2-10047,S2-10048,S2-10049,S2-10050,S3-10001,S3-10002,S3-10003,S3-10004,S3-10005,S3-10006,S3-10007,S3-10008,S3-10009,S3-10010,S3-10011,S3-10012,S3-10013,S3-10014,S3-10015,S3-10016,S3-10017,S3-10018,S3-10019,S3-10020,S3-10021,S3-10022,S3-10023,S3-10024,S3-10025,S3-10026,S3-10027,S3-10028,S3-10029,S3-10030,S3-10031,S3-10032,S3-10033,S3-10034,S3-10035,S3-10036,S3-10037,S3-10038,S3-10039,S3-10040,S3-10041,S3-10042,S3-10043,S3-10044,S3-10045,S3-10046,S3-10047,S3-10048,S3-10049,S3-10050
S1-10022	S2-10001,S2-10002,S2-10003,S2-10004,S2-10005,S2-10006,S2-10007,S2-10008,S2-10009,S2-10010,S2-10011,S2-10012,S2-10013,S2-10014,S2-10015,S2-10016,S2-10017,S2-10018,S2-10019,S2-10020,S2-10021,S2-10022,S2-10023,S2-10024,S2-10025,S2-10026,S2-10027,S2-10028,S2-10029,S2-10030,S2-10031,S2-10032,S2-10033,S2-10034,S2-10035,S2-10036,S2-10037,S2-10038,S2-10039,S2-10040,S2-10041,S2-10042,S2-10043,S2-10044,S2-10045,S2-10046,S2-10047,S2-10048,S2-10049,S2-10050,S3-10001,S3-10002,S3-10003,S3-10004,S3-10005,S3-10006,S3-10007,S3-10008,S3-10009,S3-10010,S3-10011,S3-10012,S3-10013,S3-10014,S3-10015,S3-10016,S3-10017,S3-10018,S3-10019,S3-10020,S3-10021,S3-10022,S3-10023,S3-10024,S3-10025,S3-10026,S3-10027,S3-10028,S3-10029,S3-10030,S3-10031,S3-10032,S3-10033,S3-10034,S3-10035,S3-10036,S3-10037,S3-10038,S3-10039,S3-10040,S3-10041,S3-10042,S3-10043,S3-10044,S3-10045,S3-10046,S3-10047,S3-10048,S3-10049,S3-10050
S1-10023	S2-10001,S2-10002,S2-10003,S2-10004,S2-10005,S2-10006,S2-10007,S2-10008,S2-10009,S2-10010,S2-10011,S2-10012,S2-10013,S2-10014,S2-10015,S2-10016,S2-10017,S2-10018,S2-10019,S2-10020,S2-10021,S2-10022,S2-10023,S2-10024,S2-10025,S2-10026,S2-10027,S2-10028,S2-10029,S2-10030,S2-10031,S2-10032,S2-10033,S2-10034,S2-10035,S2-10036,S2-10037,S2-10038,S2-10039,S2-10040,S2-10041,S2-10042,S2-10043,S2-10044,S2-10045,S2-10046,S2-10047,S2-10048,S2-10049,S2-10050,S3-10001,S3-10002,S3-10003,S3-10004,S3-10005,S3-10006,S3-10007,S3-10008,S3-10009,S3-10010,S3-10011,S3-10012,S3-10013,S3-10014,S3-10015,S3-10016,S3-10017,S3-10018,S3-10019,S3-10020,S3-10021,S3-10022,S3-10023,S3-10024,S3-10025,S3-10026,S3-10027,S3-10028,S3-10029,S3-10030,S3-10031,S3-10032,S3-10033,S3-10034,S3-10035,S3-10036,S3-10037,S3-10038,S3-10039,S3-10040,S3-10041,S3-10042,S3-10043,S3-10044,S3-10045,S3-10046,S3-10047,S3-10048,S3-10049,S3-10050
S1-10024	S2-10001,S2-10002,S2-10003,S2-10004,S2-10005,S2-10006,S2-10007,S2-10008,S2-10009,S2-10010,S2-10011,S2-10012,S2-10013,S2-10014,S2-10015,S2-10016,S2-10017,S2-10018,S2-10019,S2-10020,S2-10021,S2-10022,S2-10023,S2-10024,S2-10025,S2-10026,S2-10027,S2-10028,S2-10029,S2-10030,S2-10031,S2-10032,S2-10033,S2-10034,S2-10035,S2-10036,S2-10037,S2-10038,S2-10039,S2-10040,S2-10041,S2-10042,S2-10043,S2-10044,S2-10045,S2-10046,S2-10047,S2-10048,S2-10049,S2-10050,S3-10001,S3-10002,S3-10003,S3-10004,S3-10005,S3-10006,S3-10007,S3-10008,S3-10009,S3-10010,S3-10011,S3-10012,S3-10013,S3-10014,S3-10015,S3-10016,S3-10017,S3-10018,S3-10019,S3-10020,S3-10021,S3-10022,S3-10023,S3-10024,S3-10025,S3-10026,S3-10027,S3-10028,S3-10029,S3-10030,S3-10031,S3-10032,S3-10033,S3-10034,S3-10035,S3-10036,S3-10037,S3-10038,S3-10039,S3-10040,S3-10041,S3-10042,S3-10043,S3-10044,S3-10045,S3-10046,S3-10047,S3-10048,S3-10049,S3-10050
S1-10025	S2-10001,S2-10002,S2-10003,S2-10004,S2-10005,S2-10006,S2-10007,S2-10008,S2-10009,S2-10010,S2-10011,S2-10012,S2-10013,S2-10014,S2-10015,S2-10016,S2-10017,S2-10018,S2-10019,S2-10020,S2-10021,S2-10022,S2-10023,S2-10024,S2-10025,S2-10026,S2-10027,S2-10028,S2-10029,S2-10030,S2-10031,S2-10032,S2-10033,S2-10034,S2-10035,S2-10036,S2-10037,S2-10038,S2-10039,S2-10040,S2-10041,S2-10042,S2-10043,S2-10044,S2-10045,S2-10046,S2-10047,S2-10048,S2-10049,S2-10050,S3-10001,S3-10002,S3-10003,S3-10004,S3-10005,S3-10006,S3-10007,S3-10008,S3-10009,S3-10010,S3-10011,S3-10012,S3-10013,S3-10014,S3-10015,S3-10016,S3-10017,S3-10018,S3-10019,S3-10020,S3-10021,S3-10022,S3-10023,S3-10024,S3-10025,S3-10026,S3-10027,S3-10028,S3-10029,S3-10030,S3-10031,S3-10032,S3-10033,S3-10034,S3-10035,S3-10036,S3-10037,S3-10038,S3-10039,S3-10040,S3-10041,S3-10042,S3-10043,S3-10044,S3-10045,S3-10046,S3-10047,S3-10048,S3-10049,S3-10050
S1-10026	S2-10001,S2-10002,S2-10003,S2-10004,S2-10005,S2-10006,S2-10007,S2-10008,S2-10009,S2-10010,S2-10011,S2-10012,S2-10013,S2-10014,S2-10015,S2-10016,S2-10017,S2-10018,S2-10019,S2-10020,S2-10021,S2-10022,S2-10023,S2-10024,S2-10025,S2-10026,S2-10027,S2-10028,S2-10029,S2-10030,S2-10031,S2-10032,S2-10033,S2-10034,S2-10035,S2-10036,S2-10037,S2-10038,S2-10039,S2-10040,S2-10041,S2-10042,S2-10043,S2-10044,S2-10045,S2-10046,S2-10047,S2-10048,S2-10049,S2-10050,S3-10001,S3-10002,S3-10003,S3-10004,S3-10005,S3-10006,S3-10007,S3-10008,S3-10009,S3-10010,S3-10011,S3-10012,S3-10013,S3-10014,S3-10015,S3-10016,S3-10017,S3-10018,S3-10019,S3-10020,S3-10021,S3-10022,S3-10023,S3-10024,S3-10025,S3-10026,S3-10027,S3-10028,S3-10029,S3-10030,S3-10031,S3-10032,S3-10033,S3-10034,S3-10035,S3-10036,S3-10037,S3-10038,S3-10039,S3-10040,S3-10041,S3-10042,S3-10043,S3-10044,S3-10045,S3-10046,S3-10047,S3-10048,S3-10049,S3-10050
S1-10027	S2-10001,S2-10002,S2-10003,S2-10004,S2-10005,S2-10006,S2-10007,S2-10008,S2-10009,S2-10010,S2-10011,S2-10012,S2-10013,S2-10014,S2-10015,S2-10016,S2-10017,S2-10018,S2-10019,S2-10020,S2-10021,S2-10022,S2-10023,S2-10024,S2-10025,S2-10026,S2-10027,S2-10028,S2-10029,S2-10030,S2-10031,S2-10032,S2-10033,S2-10034,S2-10035,S2-10036,S2-10037,S2-10038,S2-10039,S2-10040,S2-10041,S2-10042,S2-10043,S2-10044,S2-10045,S2-10046,S2-10047,S2-10048,S2-10049,S2-10050,S3-10001,S3-10002,S3-10003,S3-10004,S3-10005,S3-10006,S3-10007,S3-10008,S3-10009,S3-10010,S3-10011,S3-10012,S3-10013,S3-10014,S3-10015,S3-10016,S3-10017,S3-10018,S3-10019,S3-10020,S3-10021,S3-10022,S3-10023,S3-10024,S3-10025,S3-10026,S3-10027,S3-10028,S3-10029,S3-10030,S3-10031,S3-10032,S3-10033,S3-10034,S3-10035,S3-10036,S3-10037,S3-10038,S3-10039,S3-10040,S3-10041,S3-10042,S3-10043,S3-10044,S3-10045,S3-10046,S3-10047,S3-10048,S3-10049,S3-10050
S1-10028	S2-10001,S2-10002,S2-10003,S2-10004,S2-10005,S2-10006,S2-10007,S2-10008,S2-10009,S2-10010,S2-10011,S2-10012,S2-10013,S2-10014,S2-10015,S2-10016,S2-10017,S2-10018,S2-10019,S2-10020,S2-10021,S2-10022,S2-10023,S2-10024,S2-10025,S2-10026,S2-10027,S2-10028,S2-10029,S2-10030,S2-10031,S2-10032,S2-10033,S2-10034,S2-10035,S2-10036,S2-10037,S2-10038,S2-10039,S2-10040,S2-10041,S2-10042,S2-10043,S2-10044,S2-10045,S2-10046,S2-10047,S2-10048,S2-10049,S2-10050,S3-10001,S3-10002,S3-10003,S3-10004,S3-10005,S3-10006,S3-10007,S3-10008,S3-10009,S3-10010,S3-10011,S3-10012,S3-10013,S3-10014,S3-10015,S3-10016,S3-10017,S3-10018,S3-10019,S3-10020,S3-10021,S3-10022,S3-10023,S3-10024,S3-10025,S3-10026,S3-10027,S3-10028,S3-10029,S3-10030,S3-10031,S3-10032,S3-10033,S3-10034,S3-10035,S3-10036,S3-10037,S3-10038,S3-10039,S3-10040,S3-10041,S3-10042,S3-10043,S3-10044,S3-10045,S3-10046,S3-10047,S3-10048,S3-10049,S3-10050
S1-10029	S2-10001,S2-10002,S2-10003,S2-10004,S2-10005,S2-10006,S2-10007,S2-10008,S2-10009,S2-10010,S2-10011,S2-10012,S2-10013,S2-10014,S2-10015,S2-10016,S2-10017,S2-10018,S2-10019,S2-10020,S2-10021,S2-10022,S2-10023,S2-10024,S2-10025,S2-10026,S2-10027,S2-10028,S2-10029,S2-10030,S2-10031,S2-10032,S2-10033,S2-10034,S2-10035,S2-10036,S2-10037,S2-10038,S2-10039,S2-10040,S2-10041,S2-10042,S2-10043,S2-10044,S2-10045,S2-10046,S2-10047,S2-10048,S2-10049,S2-10050,S3-10001,S3-10002,S3-10003,S3-10004,S3-10005,S3-10006,S3-10007,S3-10008,S3-10009,S3-10010,S3-10011,S3-10012,S3-10013,S3-10014,S3-10015,S3-10016,S3-10017,S3-10018,S3-10019,S3-10020,S3-10021,S3-10022,S3-10023,S3-10024,S3-10025,S3-10026,S3-10027,S3-10028,S3-10029,S3-10030,S3-10031,S3-10032,S3-10033,S3-10034,S3-10035,S3-10036,S3-10037,S3-10038,S3-10039,S3-10040,S3-10041,S3-10042,S3-10043,S3-10044,S3-10045,S3-10046,S3-10047,S3-10048,S3-10049,S3-10050
S1-10030	S2-10001,S2-10002,S2-10003,S2-10004,S2-10005,S2-10006,S2-10007,S2-10008,S2-10009,S2-10010,S2-10011,S2-10012,S2-10013,S2-10014,S2-10015,S2-10016,S2-10017,S2-10018,S2-10019,S2-10020,S2-10021,S2-10022,S2-10023,S2-10024,S2-10025,S2-10026,S2-10027,S2-10028,S2-10029,S2-10030,S2-10031,S2-10032,S2-10033,S2-10034,S2-10035,S2-10036,S2-10037,S2-10038,S2-10039,S2-10040,S2-10041,S2-10042,S2-10043,S2-10044,S2-10045,S2-10046,S2-10047,S2-10048,S2-10049,S2-10050,S3-10001,S3-10002,S3-10003,S3-10004,S3-10005,S3-10006,S3-10007,S3-10008,S3-10009,S3-10010,S3-10011,S3-10012,S3-10013,S3-10014,S3-10015,S3-10016,S3-10017,S3-10018,S3-10019,S3-10020,S3-10021,S3-10022,S3-10023,S3-10024,S3-10025,S3-10026,S3-10027,S3-10028,S3-10029,S3-10030,S3-10031,S3-10032,S3-10033,S3-10034,S3-10035,S3-10036,S3-10037,S3-10038,S3-10039,S3-10040,S3-10041,S3-10042,S3-10043,S3-10044,S3-10045,S3-10046,S3-10047,S3-10048,S3-10049,S3-10050
S1-10031	S2-10051,S2-10052,S2-10053,S2-10054,S2-10055,S3-10051,S3-10052,S3-10053,S3-10054,S3-10055
S1-10032	S2-10051,S2-10052,S2-10053,S2-10054,S2-10055,S3-10051,S3-10052,S3-10053,S3-10054,S3-10055
S1-10033	S2-10051,S2-10052,S2-10053,S2-10054,S2-10055,S3-10051,S3-10052,S3-10053,S3-10054,S3-10055
S1-10034	S2-10051,S2-10052,S2-10053,S2-10054,S2-10055,S3-10051,S3-10052,S3-10053,S3-10054,S3-10055
S1-10035	S2-10051,S2-10052,S2-10053,S2-10054,S2-10055,S3-10051,S3-10052,S3-10053,S3-10054,S3-10055
