source1_entity_id	matched_entity_ids
S1-10001	S2-10001,S3-10001
S1-10002	S2-10002,S3-10002
S1-10003	S2-10003,S3-10003
S1-10004	S2-10004,S3-10004
S1-10005	S2-10005,S3-10005
S1-10006	S2-10006,S3-10006
S1-10007	S2-10007,S3-10007
S1-10008	S2-10008,S3-10008
S1-10009	S2-10009,S3-10009
S1-10010	S2-10010,S3-10010
S1-10011	S2-10011,S3-10011
S1-10012	S2-10012,S3-10012
S1-10013	S2-10013,S3-10013
S1-10014	S2-10014,S3-10014
S1-10015	S2-10015,S3-10015
S1-10016	S2-10016,S3-10016
S1-10017	S2-10017,S3-10017
S1-10018	S2-10018,S3-10018
S1-10019	S2-10019,S3-10019
S1-10020	S2-10020,S3-10020
S1-10021	S2-10021,S3-10021
S1-10022	S2-10022,S3-10022
S1-10023	S2-10023,S3-10023
S1-10024	S2-10024,S3-10024
S1-10025	S2-10025,S3-10025
S1-10026	S2-10026,S3-10026
S1-10027	S2-10027,S3-10027
S1-10028	S2-10028,S3-10028
S1-10029	S2-10029,S3-10029
S1-10030	S2-10030,S3-10030
S1-10031	
S1-10032	
S1-10033	
S1-10034	
S1-10035	
